suhu,kelembapan,cahaya,hujan,label_cuaca
23.33,98.55,1006.4,0.58,hujan
25.09,49.15,1860.44,0.09,cerah
21.28,89.7,1497.26,0.44,hujan
21.34,89.3,1531.84,0.02,hujan
21.35,57.64,968.06,0.53,berawan
23.56,50.67,284.05,0.07,cerah
23.07,72.11,804.58,0.71,hujan
30.45,58.69,1042.61,0.83,hujan
29.94,43.81,361.33,0.51,berawan
32.45,80.87,1937.47,0.84,hujan
28.55,49.69,1956.34,0.85,hujan
28.55,92.09,1443.99,0.78,hujan
26.67,67.07,1012.82,0.04,cerah
20.95,96.96,295.06,0.44,hujan
33.19,66.24,891.75,0.83,hujan
21.45,55.48,295.4,0.13,cerah
27.29,81.28,1131.1,0.42,berawan
23.16,44.5,121.14,0.99,hujan
25.5,55.42,656.71,0.31,berawan
23.19,58.82,705.01,0.62,hujan
23.86,88.65,141.88,0.13,hujan
22.22,77.63,1506.09,0.99,hujan
33.36,74.86,1646.17,0.47,berawan
27.47,91.47,877.52,0.7,hujan
27.24,94.58,1549.46,0.96,hujan
26.88,41.81,1263.37,0.11,cerah
27.1,57.9,631.6,0.85,hujan
30.73,65.78,1987.85,0.73,hujan
25.49,78.71,849.52,0.43,berawan
20.37,67.25,596.85,0.89,hujan
30.81,66.69,1843.44,0.4,berawan
20.51,55.86,788.59,0.1,cerah
32.71,92.0,531.53,0.51,berawan
33.98,70.87,1665.4,0.82,hujan
21.83,97.71,1873.18,0.9,hujan
25.19,71.86,1016.5,0.42,berawan
22.29,95.06,1879.58,0.11,hujan
26.49,72.09,777.36,0.07,cerah
27.61,54.42,467.65,0.03,cerah
30.09,95.09,751.89,0.74,hujan
29.18,43.16,1553.01,0.7,hujan
20.11,87.48,187.21,0.55,hujan
28.72,54.12,901.54,0.28,cerah
21.87,63.15,1911.57,0.88,hujan
28.18,91.79,1621.85,0.4,berawan
29.66,68.69,553.76,0.87,hujan
33.45,67.59,81.67,0.0,cerah
28.16,91.67,737.81,0.85,hujan
33.86,51.18,1700.04,0.64,hujan
28.23,77.02,943.88,0.06,cerah
24.78,43.24,503.54,0.14,cerah
28.48,99.22,1565.22,0.71,hujan
31.13,96.55,1067.36,0.36,berawan
32.37,95.42,1151.15,0.31,berawan
28.33,92.84,855.12,0.14,cerah
24.13,79.83,1582.78,0.32,berawan
21.31,51.68,797.7,0.5,berawan
34.0,46.33,669.95,0.26,cerah
23.14,95.8,1490.59,0.43,hujan
31.04,46.11,1283.16,0.77,hujan
28.92,43.94,1399.54,0.63,hujan
30.97,65.41,1904.78,0.44,berawan
32.1,85.63,1345.0,0.7,hujan
24.65,88.5,77.75,0.64,hujan
32.36,81.45,1870.31,0.91,hujan
31.79,41.98,1581.55,0.0,cerah
26.95,41.68,1253.64,0.24,cerah
28.58,66.38,1926.46,0.65,hujan
25.45,41.04,184.56,0.32,berawan
22.52,68.24,1726.55,0.98,hujan
22.17,51.12,1708.33,0.68,hujan
24.09,65.73,824.69,0.59,berawan
25.27,63.29,248.43,0.9,hujan
32.21,76.27,998.32,0.29,cerah
32.11,90.55,1708.41,0.65,hujan
23.01,60.3,1508.91,0.63,hujan
27.04,61.81,679.72,0.94,hujan
29.95,44.81,1430.59,0.59,berawan
27.77,74.44,601.66,0.06,cerah
29.01,54.84,1461.42,0.51,berawan
26.38,62.26,1695.68,0.8,hujan
33.08,62.14,1355.31,0.04,cerah
34.8,49.89,1129.73,0.76,hujan
27.86,54.95,639.42,0.54,berawan
29.02,65.26,479.15,0.58,berawan
28.53,49.54,1088.68,0.74,hujan
31.3,75.66,1642.58,0.83,hujan
34.68,87.62,1046.13,0.71,hujan
31.65,96.51,869.81,0.36,berawan
28.53,78.56,1208.57,0.53,berawan
33.46,43.45,1323.77,0.25,cerah
24.09,90.86,781.45,0.09,hujan
34.75,41.64,1528.02,0.33,berawan
22.57,43.41,1125.14,0.96,hujan
31.3,45.46,1916.74,0.92,hujan
28.09,79.08,1524.64,0.81,hujan
23.12,47.06,1871.56,0.82,hujan
22.19,93.59,1560.48,0.06,hujan
29.47,75.9,491.37,0.14,cerah
34.92,66.95,1663.85,0.11,cerah
20.33,88.7,804.9,0.31,hujan
25.49,97.85,540.9,0.73,hujan
20.01,83.2,679.39,0.24,cerah
23.63,54.43,524.97,0.26,cerah
32.72,62.77,889.62,0.11,cerah
33.83,56.12,124.88,0.83,hujan
29.6,42.55,1586.68,0.19,cerah
33.96,64.02,1312.25,0.03,cerah
31.09,49.72,86.36,0.03,cerah
24.27,79.23,151.3,0.16,berawan
29.8,96.04,842.09,1.0,hujan
23.16,63.42,543.79,0.97,hujan
34.24,76.68,1030.65,0.36,berawan
29.31,55.98,69.67,0.78,hujan
32.91,46.92,270.94,0.1,cerah
22.51,81.68,833.72,0.83,hujan
28.99,48.69,1842.69,0.55,berawan
20.89,58.7,1791.35,0.87,hujan
25.64,46.16,1507.31,0.73,hujan
25.0,98.0,244.59,0.86,hujan
21.0,61.55,1930.84,0.9,hujan
31.26,96.18,228.36,0.01,berawan
26.73,63.19,216.96,0.54,berawan
25.44,69.72,302.76,0.8,hujan
27.24,50.95,1146.89,0.06,cerah
26.45,55.21,207.92,0.57,berawan
29.42,66.42,1515.48,0.59,berawan
21.57,94.11,945.76,0.35,hujan
20.29,85.75,262.46,0.72,hujan
22.39,92.62,1388.11,0.18,hujan
21.02,81.44,716.48,0.69,hujan
29.21,76.02,185.93,0.34,berawan
22.36,80.27,741.04,0.3,berawan
27.47,75.77,940.61,0.08,cerah
24.17,90.82,614.21,0.44,hujan
29.7,82.53,1447.61,0.81,hujan
22.69,85.16,121.42,0.73,hujan
20.81,53.26,639.24,0.09,cerah
24.73,90.51,1098.85,0.52,hujan
28.94,81.75,548.39,0.54,berawan
23.1,40.09,205.31,0.68,hujan
26.97,60.72,917.39,0.63,hujan
26.29,82.73,1848.32,0.43,berawan
28.37,68.26,428.01,0.24,cerah
22.93,87.69,1708.76,0.38,hujan
23.02,69.42,812.39,0.72,hujan
23.82,47.6,1276.68,0.47,berawan
21.35,49.32,1552.4,0.47,berawan
29.31,77.98,944.82,0.59,berawan
20.86,92.66,821.09,0.43,hujan
28.84,44.68,1121.95,0.79,hujan
25.16,88.34,807.95,0.78,hujan
21.65,97.57,683.23,0.18,hujan
30.01,75.11,935.16,0.34,berawan
28.59,53.77,941.85,0.14,cerah
21.48,49.06,1117.35,0.35,berawan
23.8,58.08,654.99,0.36,berawan
22.54,56.17,492.69,0.09,cerah
23.01,93.56,250.95,0.26,hujan
20.82,82.09,1688.78,0.16,cerah
28.72,57.78,1806.43,0.89,hujan
27.18,95.29,1468.7,0.75,hujan
27.99,78.51,1312.66,0.9,hujan
27.48,68.2,520.88,0.52,berawan
22.71,81.05,202.34,0.43,berawan
25.02,67.86,1242.62,0.8,hujan
20.01,69.61,665.33,0.42,berawan
29.76,66.33,722.39,0.41,berawan
27.78,73.46,642.46,0.81,hujan
27.3,98.76,1287.43,0.54,berawan
28.5,81.94,1879.07,0.51,berawan
33.76,55.35,851.7,0.87,hujan
33.73,55.06,1247.17,0.8,hujan
27.52,77.88,121.97,0.55,berawan
34.41,44.33,173.55,0.71,hujan
33.27,88.75,784.61,0.39,berawan
28.82,75.55,276.34,0.38,berawan
28.63,98.38,960.23,0.68,hujan
21.26,42.29,77.24,0.49,berawan
22.82,73.01,1167.54,0.32,berawan
21.54,67.82,1765.31,0.26,cerah
26.84,50.07,1917.77,0.16,cerah
34.4,65.67,190.27,0.82,hujan
23.41,76.12,1343.77,0.33,berawan
32.43,44.45,1275.82,0.1,cerah
26.75,82.64,1910.27,0.31,berawan
22.28,76.85,99.06,0.64,hujan
33.15,73.52,1063.97,0.54,berawan
21.2,85.52,692.5,0.43,hujan
26.71,77.76,1579.71,0.3,berawan
32.49,95.95,1008.15,0.67,hujan
23.48,44.74,1826.66,0.78,hujan
32.67,51.67,1165.6,0.18,cerah
30.75,40.18,1488.84,0.22,cerah
22.33,70.34,371.88,0.6,berawan
26.21,94.23,1140.72,0.1,cerah
23.74,42.75,176.71,0.38,berawan
34.56,94.66,610.07,0.32,berawan
26.17,68.95,1153.33,0.49,berawan
25.92,65.27,334.67,0.62,hujan
23.1,81.12,1865.41,0.78,hujan
25.86,69.3,1051.73,0.31,berawan
21.97,50.52,301.08,0.14,cerah
26.13,92.22,770.61,0.97,hujan
23.64,41.53,1182.09,0.39,berawan
21.62,62.63,1080.9,0.85,hujan
31.94,42.94,399.22,0.55,berawan
29.58,82.18,1253.48,0.04,cerah
28.71,65.44,771.34,0.21,cerah
30.12,57.2,620.59,0.59,berawan
22.12,84.91,1556.3,0.88,hujan
33.85,58.29,1705.5,0.31,berawan
23.97,44.32,1158.86,0.59,berawan
20.75,53.91,1834.71,0.88,hujan
27.76,85.66,477.87,0.29,cerah
27.54,74.62,167.81,0.64,hujan
24.05,97.28,187.17,0.12,hujan
31.79,74.51,1485.91,0.47,berawan
24.37,96.64,1538.89,0.68,hujan
25.67,54.08,1897.93,0.19,cerah
30.99,57.01,414.87,0.85,hujan
22.02,71.84,1072.53,0.04,cerah
22.35,90.55,1946.36,0.31,hujan
24.88,41.19,530.93,0.99,hujan
26.68,89.57,1189.8,0.02,cerah
33.17,59.66,558.65,0.53,berawan
22.19,59.92,1036.31,0.96,hujan
34.06,42.3,816.07,0.92,hujan
32.81,87.19,1782.76,0.9,hujan
22.56,53.37,1297.01,0.57,berawan
31.18,71.42,1862.72,0.47,berawan
31.02,78.59,362.63,0.57,berawan
31.39,41.6,1166.98,0.83,hujan
26.6,79.93,1727.49,0.18,cerah
34.01,78.43,1561.8,0.37,berawan
30.75,54.19,1199.66,0.91,hujan
34.32,61.39,250.55,0.38,berawan
28.76,63.93,1000.32,0.58,berawan
20.81,75.77,171.01,0.77,hujan
21.36,99.79,141.34,0.96,hujan
27.78,76.36,75.98,0.54,berawan
33.66,75.39,104.68,0.97,hujan
23.38,79.23,1712.13,0.64,hujan
24.66,94.52,173.66,0.35,hujan
24.31,56.1,339.06,0.45,berawan
23.24,65.95,1468.17,0.27,cerah
20.51,78.26,227.38,0.85,hujan
25.88,82.82,1363.77,0.56,berawan
24.08,71.45,717.57,0.21,cerah
34.76,43.1,1018.21,0.03,cerah
31.12,56.27,1337.41,0.44,berawan
23.87,77.52,334.53,0.89,hujan
29.81,70.48,953.6,0.69,hujan
23.48,74.96,1292.45,0.43,berawan
25.8,57.43,593.86,0.58,berawan
20.91,55.35,1652.76,0.63,hujan
29.82,64.26,972.36,0.07,cerah
25.27,66.48,1442.91,0.85,hujan
20.93,96.6,1904.74,0.14,hujan
32.07,98.61,280.17,0.28,berawan
32.01,87.92,550.67,0.72,hujan
30.98,96.09,1324.14,0.51,berawan
21.82,41.34,873.83,0.39,berawan
25.07,73.54,600.83,0.6,hujan
33.3,63.6,1657.23,0.48,berawan
32.92,58.07,1237.32,0.5,berawan
33.0,41.51,1145.13,1.0,hujan
25.48,73.97,102.23,0.6,hujan
21.77,91.38,1115.66,0.22,hujan
34.89,85.71,1291.1,0.04,cerah
26.33,44.46,1135.13,0.52,berawan
23.85,55.96,611.75,0.85,hujan
33.06,48.65,879.67,0.61,hujan
28.95,70.11,360.61,0.0,cerah
25.39,48.52,919.58,0.45,berawan
31.59,74.82,1155.19,0.15,cerah
32.8,42.19,1201.68,0.11,cerah
31.16,76.82,1238.09,0.09,cerah
23.12,71.99,1804.22,0.26,cerah
28.95,91.12,505.09,0.99,hujan
34.79,55.03,1818.2,0.49,berawan
29.14,61.62,1310.47,0.14,cerah
26.59,63.33,852.93,0.82,hujan
22.25,50.34,375.99,0.72,hujan
23.0,82.91,554.18,0.61,hujan
23.58,79.6,1110.86,0.8,hujan
33.88,62.23,443.41,0.91,hujan
23.14,82.24,948.48,0.36,berawan
29.21,61.48,1072.7,0.53,berawan
32.24,74.94,422.14,0.59,berawan
27.81,75.72,478.96,0.27,cerah
29.57,47.1,1893.89,0.22,cerah
26.44,77.86,864.02,0.08,cerah
28.9,84.6,657.75,0.15,cerah
29.66,84.32,1815.17,0.41,berawan
23.64,75.86,1751.76,0.35,berawan
31.53,87.5,1202.91,0.36,berawan
26.11,41.75,192.89,0.5,berawan
34.72,69.37,59.15,0.67,hujan
20.0,46.97,166.29,0.83,hujan
21.03,96.84,1547.61,0.41,hujan
30.84,56.81,1286.75,0.07,cerah
27.76,78.42,1875.2,0.29,cerah
30.7,93.58,839.91,0.93,hujan
34.89,89.74,514.42,0.12,cerah
24.58,40.61,271.09,0.29,cerah
27.29,99.76,620.14,0.17,cerah
30.56,45.41,263.54,0.82,hujan
22.58,75.75,589.4,0.93,hujan
29.25,67.77,1401.45,0.46,berawan
21.89,47.16,1082.28,0.9,hujan
22.26,94.34,747.91,0.92,hujan
21.06,83.38,209.44,0.5,berawan
30.34,77.66,1936.25,0.02,cerah
24.28,42.76,931.13,0.06,cerah
22.0,91.67,1142.29,0.42,hujan
26.25,46.56,1039.04,0.56,berawan
26.19,89.02,484.91,0.22,cerah
20.12,44.72,905.33,0.54,berawan
34.68,90.11,289.46,0.36,berawan
23.25,80.05,1375.17,0.36,berawan
33.44,95.03,1007.01,0.98,hujan
21.2,71.8,664.92,0.47,berawan
31.61,63.84,125.83,0.65,hujan
33.01,76.12,1155.91,0.55,berawan
34.92,70.12,862.24,0.73,hujan
28.8,92.7,1038.47,0.9,hujan
21.12,70.94,1576.7,0.26,cerah
21.24,85.87,1089.62,0.36,hujan
22.81,96.48,1864.15,0.59,hujan
20.31,59.18,1182.2,0.97,hujan
29.41,86.87,1880.16,0.07,cerah
33.01,67.88,1447.38,0.02,cerah
24.4,55.25,465.74,0.24,cerah
34.18,84.16,1421.49,0.54,berawan
34.92,89.67,929.49,0.13,cerah
29.73,74.94,547.87,0.19,cerah
24.94,54.85,1177.1,0.66,hujan
26.67,57.77,1315.38,0.7,hujan
27.68,89.46,684.71,0.7,hujan
31.79,98.12,1104.28,0.4,berawan
27.3,74.72,784.25,0.67,hujan
32.23,97.37,1632.78,0.4,berawan
31.48,46.69,58.68,0.91,hujan
33.49,53.46,1322.16,0.56,berawan
31.18,70.48,164.77,0.56,berawan
28.87,59.18,1427.98,0.68,hujan
23.34,46.14,1714.96,0.96,hujan
25.72,53.0,536.27,0.67,hujan
23.77,79.64,249.65,0.35,berawan
30.59,98.33,235.02,0.25,berawan
25.14,88.73,1435.5,0.41,berawan
28.33,63.73,250.99,0.63,hujan
22.77,81.19,1989.62,0.89,hujan
31.1,49.03,233.18,0.77,hujan
33.07,58.19,795.57,0.06,cerah
28.28,90.34,1522.96,0.88,hujan
28.75,50.27,1515.13,1.0,hujan
33.63,91.76,398.93,0.33,berawan
27.14,83.63,970.32,0.06,cerah
32.43,64.13,172.82,0.1,cerah
34.84,99.77,533.04,0.71,hujan
28.42,56.08,100.23,0.61,hujan
23.75,79.35,236.7,0.1,berawan
22.29,73.29,865.13,0.97,hujan
28.38,57.57,1162.07,0.62,hujan
20.32,62.49,1283.35,0.74,hujan
30.36,55.05,1831.69,0.81,hujan
27.52,58.12,1111.32,0.57,berawan
26.85,41.84,1453.15,0.99,hujan
32.63,98.58,1518.69,0.32,berawan
33.67,65.16,965.09,0.62,hujan
24.08,50.17,1555.06,0.1,cerah
33.29,98.78,1994.99,0.96,hujan
31.28,56.73,672.97,0.4,berawan
23.06,97.52,400.01,0.25,hujan
21.51,91.21,637.88,0.36,hujan
25.21,96.37,728.83,0.44,berawan
32.23,96.76,1661.9,0.26,cerah
21.36,96.92,1306.68,0.77,hujan
21.48,69.59,947.68,0.27,cerah
32.5,96.81,1884.64,0.84,hujan
34.34,61.19,1905.89,0.29,cerah
27.4,89.76,652.64,0.05,cerah
30.35,99.52,941.01,0.28,cerah
34.54,84.97,176.79,0.27,berawan
26.49,92.0,1193.35,0.43,berawan
28.29,89.03,432.25,0.63,hujan
28.57,97.85,717.55,0.45,berawan
30.03,50.92,365.14,0.62,hujan
30.4,60.85,530.88,0.81,hujan
23.3,83.47,611.56,0.03,cerah
20.83,51.37,1580.92,0.15,cerah
27.4,81.89,1926.01,0.72,hujan
31.5,84.78,653.76,0.24,cerah
33.98,74.31,1046.02,0.04,cerah
29.94,78.95,520.15,0.91,hujan
24.52,40.56,1895.53,0.47,berawan
31.27,49.85,953.63,0.37,berawan
29.51,80.15,607.03,0.12,cerah
30.59,72.05,465.44,0.1,cerah
34.36,99.48,478.35,0.47,berawan
26.94,42.63,1953.59,0.31,berawan
23.82,92.54,1501.77,0.9,hujan
30.13,75.6,643.83,1.0,hujan
23.65,45.74,1428.03,0.1,cerah
21.61,51.78,77.76,0.84,hujan
34.78,88.56,424.9,0.86,hujan
20.64,74.16,675.04,0.82,hujan
32.03,73.3,620.24,0.74,hujan
27.52,55.5,926.27,0.04,cerah
28.39,75.17,517.28,0.42,berawan
23.73,72.33,1176.86,0.94,hujan
33.38,64.93,1682.08,0.97,hujan
34.34,69.11,977.01,0.4,berawan
23.8,97.0,1730.65,0.92,hujan
20.85,66.68,114.41,0.24,cerah
33.9,64.39,818.97,0.31,berawan
33.04,50.35,284.27,0.91,hujan
29.02,63.09,548.15,0.03,cerah
25.12,58.98,1512.42,0.95,hujan
31.78,55.6,906.53,0.47,berawan
27.35,48.66,1425.97,0.76,hujan
29.93,74.35,115.03,0.01,berawan
31.99,72.81,1876.08,0.31,berawan
22.76,59.81,1847.0,0.18,cerah
22.64,85.45,1815.44,0.34,hujan
32.66,98.45,811.76,0.28,cerah
28.72,55.71,481.11,0.09,cerah
31.58,62.06,1222.22,0.47,berawan
28.52,65.42,822.49,0.41,berawan
34.53,54.29,1227.78,0.48,berawan
34.16,48.52,325.49,0.97,hujan
24.16,45.99,772.28,0.83,hujan
34.07,86.73,702.79,0.33,berawan
20.2,64.68,1980.0,0.2,cerah
33.19,95.32,904.25,0.43,berawan
29.52,85.83,655.79,0.7,hujan
20.74,47.02,1067.6,0.2,cerah
20.52,76.16,1468.27,0.0,cerah
33.27,97.99,1115.84,0.11,cerah
21.53,57.08,660.89,0.7,hujan
33.56,53.69,1549.2,0.56,berawan
25.76,41.64,1485.97,0.43,berawan
25.91,40.58,1270.51,0.86,hujan
27.45,84.97,78.9,0.09,berawan
28.52,98.46,85.9,0.85,hujan
34.65,67.85,1010.56,0.38,berawan
26.36,69.68,1372.62,0.12,cerah
26.17,60.73,948.34,0.13,cerah
33.99,97.55,1261.65,0.15,cerah
30.26,44.16,955.34,0.28,cerah
22.56,44.17,957.92,0.8,hujan
28.84,50.71,231.62,0.41,berawan
31.38,68.48,992.94,0.1,cerah
24.9,52.67,615.22,0.87,hujan
27.59,81.16,1368.07,0.18,cerah
23.57,75.12,301.53,0.43,berawan
34.69,95.91,1349.93,0.18,cerah
31.8,76.72,832.98,0.17,cerah
34.32,61.23,1300.55,0.35,berawan
23.71,66.23,1082.65,0.91,hujan
23.29,49.87,523.26,0.69,hujan
23.0,93.17,712.41,0.72,hujan
26.5,53.04,1922.63,0.76,hujan
25.65,44.33,368.71,0.71,hujan
25.7,55.58,271.39,0.51,berawan
34.47,69.14,1744.49,0.56,berawan
20.21,92.03,397.8,0.79,hujan
30.15,63.47,342.08,0.82,hujan
29.66,81.7,711.85,0.23,cerah
33.23,88.51,1249.29,0.79,hujan
28.65,60.55,826.85,0.5,berawan
22.02,80.95,1367.86,0.81,hujan
30.31,70.71,1800.96,0.69,hujan
25.72,76.67,1570.25,0.67,hujan
31.33,90.3,1951.48,0.82,hujan
26.51,95.71,1910.8,0.38,berawan
27.62,60.27,1611.84,0.25,cerah
28.56,99.16,1401.11,0.14,cerah
23.66,95.62,1719.47,0.35,hujan
32.28,88.44,1089.78,0.76,hujan
20.18,82.26,1985.15,0.66,hujan
22.59,73.3,1564.95,0.69,hujan
28.46,48.52,504.71,0.35,berawan
29.06,67.47,1447.54,0.15,cerah
27.33,61.71,913.7,0.83,hujan
26.46,84.55,1005.72,0.49,berawan
24.81,82.05,1391.13,0.03,cerah
34.19,52.17,541.4,0.59,berawan
24.61,80.38,647.49,0.86,hujan
27.28,83.86,1940.9,0.11,cerah
31.01,74.28,446.03,0.13,cerah
33.94,72.24,1278.61,0.97,hujan
28.81,47.39,1148.13,0.36,berawan
28.83,40.73,1859.49,0.59,berawan
29.87,57.24,1327.8,0.6,berawan
33.78,73.19,461.44,0.05,cerah
24.55,85.51,1051.53,0.81,hujan
27.85,44.13,1450.69,0.91,hujan
26.72,74.03,1165.7,0.61,hujan
26.43,75.75,918.21,0.72,hujan
26.54,96.6,724.31,0.42,berawan
30.35,47.71,1711.45,0.04,cerah
26.18,69.53,250.64,0.78,hujan
20.9,49.35,713.65,0.82,hujan
27.82,99.3,381.77,0.5,berawan
22.12,56.67,335.17,0.86,hujan
23.12,42.99,1479.27,0.03,cerah
22.31,57.06,77.77,0.62,hujan
32.82,59.82,1949.39,0.44,berawan
25.8,54.89,1526.94,0.64,hujan
26.81,45.88,876.03,0.14,cerah
20.11,96.2,302.37,0.83,hujan
27.98,94.13,1937.13,0.19,cerah
34.27,60.3,1010.32,0.41,berawan
24.04,99.47,823.14,0.8,hujan
29.92,50.49,1889.36,0.44,berawan
22.89,62.4,180.46,0.21,cerah
26.41,41.95,1849.67,0.66,hujan
32.53,96.71,1124.77,0.75,hujan
21.98,59.96,313.65,0.75,hujan
27.02,49.17,1097.52,0.14,cerah
30.3,70.24,1070.39,0.52,berawan
34.65,99.8,1497.12,0.63,hujan
29.54,69.69,105.87,0.08,cerah
28.71,47.81,1304.76,0.8,hujan
34.05,65.98,1249.22,0.96,hujan
27.58,91.63,200.87,0.66,hujan
32.99,84.45,113.62,0.08,berawan
27.62,91.6,523.15,0.55,berawan
24.19,79.7,925.36,0.98,hujan
32.2,41.56,892.15,0.15,cerah
25.57,79.67,895.04,0.61,hujan
27.63,79.74,930.59,0.05,cerah
20.07,69.33,141.11,0.6,berawan
21.27,79.59,1584.35,0.69,hujan
29.32,93.02,69.11,0.68,hujan
20.46,69.92,440.7,0.86,hujan
23.21,52.85,1784.76,0.24,cerah
25.04,62.15,711.52,0.32,berawan
20.08,99.69,880.94,0.06,hujan
24.24,87.46,1564.81,0.19,hujan
29.9,40.69,99.64,0.12,cerah
30.65,70.38,1688.52,0.42,berawan
33.18,40.33,1819.79,0.44,berawan
34.51,50.72,809.33,0.08,cerah
32.11,82.4,1422.2,0.5,berawan
28.79,75.82,1863.35,0.06,cerah
26.4,52.48,1197.62,0.74,hujan
28.97,49.42,359.9,0.39,berawan
32.11,88.03,1250.26,0.38,berawan
21.56,55.56,1803.03,0.72,hujan
26.42,94.11,480.77,0.43,berawan
25.88,83.85,1357.28,0.33,berawan
20.41,96.45,663.66,0.7,hujan
34.36,95.87,1648.49,0.88,hujan
25.24,84.67,101.55,0.61,hujan
34.15,50.61,1909.51,0.62,hujan
23.63,57.41,1324.21,0.07,cerah
33.43,80.59,1725.58,0.15,cerah
28.06,44.31,1329.65,0.94,hujan
25.69,94.38,675.43,0.56,berawan
30.6,61.73,508.88,0.13,cerah
23.18,48.07,74.83,0.49,berawan
21.49,49.08,397.18,0.03,cerah
27.79,41.83,1116.36,0.24,cerah
26.93,83.35,1923.06,0.54,berawan
23.08,94.79,1785.94,0.09,hujan
29.0,42.31,1273.18,0.38,berawan
34.64,75.7,1917.63,0.46,berawan
26.46,98.64,1713.8,0.58,berawan
20.66,48.96,1862.34,0.25,cerah
31.04,75.48,822.95,0.72,hujan
21.48,69.2,1246.78,0.56,berawan
32.83,71.19,1552.34,0.72,hujan
26.54,50.23,589.11,0.62,hujan
25.58,87.05,1349.06,0.25,cerah
24.29,45.47,1502.85,0.28,cerah
22.81,75.63,1181.32,0.5,berawan
22.55,73.01,449.77,0.31,berawan
22.26,68.14,1652.18,0.09,cerah
24.44,55.97,694.26,0.18,cerah
30.13,74.57,1514.16,0.65,hujan
32.08,52.14,1639.6,0.78,hujan
27.87,58.77,229.32,0.42,berawan
23.37,61.45,1630.1,0.13,cerah
30.21,71.25,1562.7,0.03,cerah
24.45,60.38,1048.66,0.82,hujan
21.92,93.85,499.91,0.71,hujan
28.06,75.22,491.73,0.8,hujan
30.94,59.05,109.94,0.75,hujan
22.17,99.37,1634.61,0.94,hujan
27.08,79.84,510.25,0.81,hujan
20.36,45.35,454.63,0.04,cerah
28.38,70.69,1176.05,0.06,cerah
24.34,78.23,1929.72,0.58,berawan
33.23,59.83,802.02,0.69,hujan
22.47,98.19,365.35,0.18,hujan
25.29,66.77,627.86,0.57,berawan
24.45,96.86,504.74,0.47,hujan
27.56,70.62,243.4,0.85,hujan
27.73,81.9,1296.81,0.47,berawan
20.59,75.8,187.69,0.18,berawan
28.88,45.79,290.12,0.15,cerah
29.08,72.7,794.86,0.32,berawan
31.92,52.0,343.33,0.96,hujan
30.13,88.12,601.02,1.0,hujan
26.39,71.58,784.59,0.37,berawan
20.75,62.4,952.53,0.56,berawan
32.24,80.25,1039.13,0.17,cerah
33.99,53.92,292.58,0.7,hujan
33.87,77.29,1407.1,0.18,cerah
32.67,56.19,950.25,0.87,hujan
27.07,76.36,1785.71,0.51,berawan
26.35,50.21,1793.32,0.93,hujan
34.34,49.17,514.76,0.77,hujan
30.15,86.54,1674.12,0.73,hujan
20.73,54.77,1330.62,0.66,hujan
28.87,98.09,1721.6,0.16,cerah
23.08,76.36,427.59,0.92,hujan
24.28,68.54,1987.11,0.31,berawan
24.16,74.66,1451.71,0.67,hujan
34.32,83.11,478.62,0.08,cerah
24.93,81.6,414.07,0.99,hujan
29.39,48.81,1401.89,0.5,berawan
32.14,59.5,1487.05,0.29,cerah
21.45,90.57,1825.82,0.36,hujan
34.75,45.11,700.38,0.03,cerah
20.56,82.13,585.14,0.78,hujan
25.19,64.9,1909.65,0.03,cerah
28.86,48.3,726.2,0.78,hujan
26.39,88.68,982.17,0.96,hujan
29.33,88.78,1881.56,0.62,hujan
22.08,69.36,1176.69,0.67,hujan
33.89,71.97,1689.48,0.33,berawan
28.68,40.8,1245.04,0.93,hujan
26.0,44.73,525.2,0.53,berawan
31.29,61.08,812.54,0.36,berawan
22.88,57.24,952.73,0.08,cerah
23.05,99.19,1815.66,0.77,hujan
25.31,89.49,317.85,0.93,hujan
22.67,63.63,784.67,0.48,berawan
32.04,46.01,1212.12,0.78,hujan
28.32,43.79,1929.05,0.49,berawan
34.54,63.83,1131.86,0.47,berawan
24.12,81.22,188.96,0.45,berawan
29.35,70.85,1284.3,0.78,hujan
22.22,57.5,1965.93,0.1,cerah
30.66,65.17,1642.43,0.14,cerah
21.7,82.2,1436.34,0.77,hujan
22.37,80.64,986.34,0.22,cerah
26.84,53.69,530.95,0.79,hujan
21.55,58.17,1016.62,0.72,hujan
29.64,68.82,867.08,0.36,berawan
27.76,55.8,1216.84,0.99,hujan
28.65,71.17,439.32,0.03,cerah
20.04,50.26,147.49,0.92,hujan
32.28,62.65,497.64,0.27,cerah
21.18,99.17,627.09,0.92,hujan
22.53,83.09,1691.84,0.37,berawan
31.25,66.18,439.81,1.0,hujan
23.82,81.81,1132.3,0.35,berawan
25.87,72.97,797.68,0.97,hujan
29.08,84.18,917.01,0.73,hujan
28.1,63.14,845.68,0.13,cerah
30.02,55.37,1489.75,0.76,hujan
32.91,91.29,686.78,0.78,hujan
28.92,97.97,522.73,0.82,hujan
26.79,70.22,1443.94,0.38,berawan
27.27,42.33,806.57,0.38,berawan
30.95,46.2,790.33,0.59,berawan
20.99,53.98,251.3,0.76,hujan
27.65,81.56,474.04,0.79,hujan
22.44,92.09,332.0,0.03,hujan
23.25,91.88,948.65,0.37,hujan
29.25,58.8,445.49,0.1,cerah
29.59,92.96,1129.78,0.27,cerah
21.51,66.38,1890.41,0.05,cerah
30.85,83.16,93.3,0.81,hujan
25.8,54.63,664.92,0.19,cerah
22.82,93.27,351.06,0.19,hujan
31.64,45.46,114.8,0.75,hujan
34.32,51.06,1341.86,0.43,berawan
30.33,41.18,234.76,0.67,hujan
23.29,81.63,1769.95,0.19,cerah
34.05,85.61,1216.95,0.13,cerah
28.88,63.11,1100.53,0.23,cerah
32.14,75.84,1523.6,0.78,hujan
22.61,40.07,1415.96,0.34,berawan
22.0,99.5,1083.53,0.93,hujan
21.96,70.25,1112.87,0.26,cerah
34.87,45.83,1942.76,0.04,cerah
28.55,62.56,907.35,0.54,berawan
29.25,84.33,1482.2,0.04,cerah
23.04,47.44,652.93,0.66,hujan
22.19,48.83,293.34,0.77,hujan
25.52,67.84,1974.03,0.23,cerah
27.35,76.97,1977.2,0.18,cerah
32.52,43.82,715.54,0.18,cerah
26.7,77.74,584.52,0.72,hujan
32.36,90.2,1240.37,0.97,hujan
23.34,84.04,1588.34,0.4,berawan
20.39,96.23,915.49,0.76,hujan
25.91,73.31,912.47,0.72,hujan
20.1,82.64,1436.2,0.34,berawan
29.4,66.04,477.15,0.27,cerah
33.06,60.45,1811.48,0.77,hujan
29.45,42.51,422.21,0.32,berawan
26.32,47.53,1515.29,0.89,hujan
22.88,48.48,842.8,0.93,hujan
27.79,82.22,341.3,0.63,hujan
29.41,84.09,1880.87,0.27,cerah
23.64,40.14,1384.06,0.47,berawan
33.01,91.92,902.41,0.4,berawan
29.62,76.03,1767.21,0.64,hujan
24.87,76.98,1017.99,0.26,cerah
23.32,86.05,230.5,0.11,hujan
22.63,51.84,1958.79,0.49,berawan
23.56,84.23,1911.49,0.31,berawan
20.07,71.66,644.67,0.61,hujan
20.8,52.38,1589.88,0.38,berawan
22.34,60.1,1081.74,0.02,cerah
25.35,97.11,1106.98,0.09,cerah
32.8,86.96,1512.37,0.05,cerah
25.9,45.18,1967.98,0.58,berawan
28.58,42.72,1327.7,0.31,berawan
28.42,93.48,201.57,0.33,berawan
34.78,85.14,493.18,0.33,berawan
24.49,55.55,1215.87,0.81,hujan
33.46,94.79,242.73,0.94,hujan
27.54,62.4,1557.27,0.04,cerah
25.0,80.82,1152.84,0.53,berawan
21.11,45.56,988.65,0.72,hujan
23.42,92.15,1306.74,0.23,hujan
30.83,43.09,940.18,0.31,berawan
20.56,75.81,452.25,0.85,hujan
21.61,98.64,499.35,0.64,hujan
26.52,82.02,1767.48,0.42,berawan
25.55,58.35,713.52,0.79,hujan
31.5,44.2,1137.81,0.88,hujan
26.34,51.05,314.01,0.86,hujan
22.9,78.24,1703.85,0.7,hujan
21.57,88.96,586.43,0.29,hujan
33.15,78.39,471.66,0.39,berawan
25.01,65.59,474.68,0.05,cerah
32.45,92.3,1479.12,0.69,hujan
29.6,70.51,1085.25,0.09,cerah
21.62,43.07,746.98,0.24,cerah
25.55,86.17,635.91,0.49,berawan
26.44,86.97,1495.34,0.36,berawan
30.88,51.27,921.23,0.57,berawan
23.79,49.03,1772.71,0.72,hujan
20.86,70.79,478.87,0.2,cerah
34.57,41.55,1010.82,0.93,hujan
25.76,99.76,827.11,0.77,hujan
32.36,54.95,1260.46,0.55,berawan
25.88,76.39,461.68,0.97,hujan
34.44,46.5,1749.04,0.3,berawan
23.66,44.9,1317.01,0.83,hujan
20.75,92.99,722.7,0.22,hujan
20.39,84.54,1928.44,0.53,berawan
26.14,96.42,1528.76,0.57,berawan
21.96,77.67,1939.34,0.48,berawan
27.02,95.41,1642.58,0.19,cerah
32.36,91.09,517.6,0.19,cerah
31.28,58.99,570.31,0.01,cerah
24.46,52.15,786.9,0.18,cerah
31.24,93.22,381.77,0.49,berawan
31.92,70.82,803.29,0.22,cerah
22.75,44.45,879.89,0.06,cerah
20.44,75.37,1859.92,0.84,hujan
31.98,54.3,493.99,0.48,berawan
29.92,54.23,1107.42,0.16,cerah
34.7,65.81,1128.3,0.35,berawan
25.36,74.53,1784.62,1.0,hujan
28.81,45.46,450.52,0.68,hujan
23.06,58.6,777.12,0.07,cerah
20.49,92.68,1089.52,0.29,hujan
28.98,76.74,1256.34,0.14,cerah
21.29,60.81,1847.25,0.76,hujan
28.95,66.08,1791.91,0.57,berawan
25.56,52.55,1547.48,0.67,hujan
29.85,67.71,1660.48,0.24,cerah
33.73,90.36,324.08,0.82,hujan
28.65,77.51,742.81,0.52,berawan
20.86,70.83,1573.13,0.06,cerah
22.82,88.24,789.83,0.32,hujan
23.15,46.17,1331.59,0.97,hujan
28.96,51.09,1324.75,0.09,cerah
23.47,51.8,528.53,0.31,berawan
22.81,80.52,180.48,0.99,hujan
28.3,43.48,497.65,0.5,berawan
25.57,40.76,1777.92,0.54,berawan
26.9,45.79,1957.49,0.79,hujan
20.28,48.23,1032.7,0.21,cerah
25.51,98.84,693.35,0.68,hujan
22.65,62.98,1172.65,0.38,berawan
33.0,61.05,366.82,0.81,hujan
21.97,76.68,308.68,0.12,cerah
21.93,53.93,825.08,0.42,berawan
31.49,77.51,1986.46,0.7,hujan
30.7,76.25,1678.73,0.66,hujan
31.18,68.08,660.1,0.26,cerah
26.45,85.17,1160.31,0.66,hujan
28.59,46.29,832.15,0.59,berawan
22.14,87.12,482.39,0.92,hujan
29.48,56.21,177.67,0.41,berawan
25.6,96.6,79.98,0.69,hujan
23.38,96.81,285.48,0.69,hujan
24.18,90.61,806.66,0.86,hujan
32.4,80.21,868.41,0.36,berawan
21.63,41.51,69.3,0.91,hujan
27.59,84.76,659.86,0.27,cerah
24.12,53.42,1995.96,0.7,hujan
29.75,66.91,466.88,0.83,hujan
32.62,48.54,1513.21,0.44,berawan
20.06,40.21,467.93,0.23,cerah
33.07,90.53,489.95,0.88,hujan
31.32,93.97,1626.61,0.51,berawan
25.94,80.91,128.27,0.43,berawan
25.22,61.74,1616.65,0.8,hujan
22.91,51.31,1087.56,0.73,hujan
22.0,56.93,673.6,0.82,hujan
30.19,99.91,1942.0,0.17,cerah
21.15,61.55,920.44,0.71,hujan
29.34,43.73,606.97,0.76,hujan
26.03,66.08,1916.47,0.04,cerah
23.75,50.4,593.41,0.71,hujan
26.42,64.27,1664.55,0.03,cerah
29.66,85.33,204.82,0.46,berawan
24.43,47.03,369.37,0.53,berawan
20.95,97.7,1325.34,0.45,hujan
34.83,77.11,1386.37,0.49,berawan
33.35,43.0,1276.77,0.31,berawan
33.85,45.56,746.33,0.87,hujan
28.69,43.35,282.96,0.35,berawan
28.47,75.99,536.15,0.01,cerah
20.05,70.55,194.12,0.4,berawan
26.58,80.47,458.56,0.81,hujan
31.31,50.12,279.75,0.59,berawan
34.04,90.41,893.65,0.63,hujan
31.93,64.37,387.9,0.62,hujan
23.38,55.41,1552.8,0.33,berawan
31.11,76.9,339.12,0.32,berawan
33.72,84.24,1533.02,0.38,berawan
32.2,78.93,747.08,0.71,hujan
27.91,48.09,1981.34,0.8,hujan
34.68,62.61,713.38,0.26,cerah
24.87,73.62,139.83,0.02,berawan
21.91,82.81,1078.7,0.46,berawan
23.77,52.28,944.25,0.11,cerah
25.64,68.14,804.36,0.92,hujan
34.08,53.84,1235.01,0.17,cerah
32.88,54.04,885.55,0.61,hujan
32.31,45.42,295.68,0.74,hujan
28.13,90.95,800.51,0.14,cerah
25.74,61.01,1718.95,0.34,berawan
23.64,96.74,1940.05,0.36,hujan
25.58,97.28,1614.81,0.43,berawan
21.74,89.47,1450.1,0.95,hujan
27.63,68.33,1250.34,0.1,cerah
24.62,85.97,557.33,0.14,hujan
27.84,88.19,1880.95,0.61,hujan
25.74,97.87,1946.96,0.71,hujan
22.02,67.7,1164.84,0.77,hujan
32.71,99.52,1534.82,0.46,berawan
33.92,45.63,1183.75,0.41,berawan
24.28,76.98,404.5,0.15,cerah
24.76,52.85,1085.86,0.41,berawan
32.43,48.45,1804.51,0.13,cerah
34.14,99.93,1360.0,0.67,hujan
22.1,76.81,1196.86,0.26,cerah
27.64,40.62,989.61,0.38,berawan
30.65,91.48,1959.15,0.36,berawan
27.26,93.93,1479.8,0.62,hujan
30.64,49.85,719.35,0.58,berawan
21.8,90.14,620.85,0.71,hujan
24.39,48.14,528.41,0.36,berawan
30.34,45.36,1064.21,0.85,hujan
29.35,49.72,1690.05,0.86,hujan
29.42,43.72,1722.66,0.86,hujan
29.04,73.32,876.71,0.62,hujan
21.23,95.3,1049.3,0.51,hujan
30.84,76.24,282.99,0.4,berawan
26.36,85.21,1208.49,0.64,hujan
29.55,97.51,1040.76,0.66,hujan
29.85,65.71,549.21,0.7,hujan
21.65,68.59,325.42,0.85,hujan
24.07,96.37,515.6,0.24,hujan
26.66,70.49,1031.03,0.24,cerah
21.72,86.1,1305.44,0.17,hujan
32.51,60.41,885.05,0.28,cerah
30.09,57.72,882.58,0.11,cerah
31.73,67.11,1816.72,1.0,hujan
29.59,99.66,304.59,0.54,berawan
21.17,97.51,1617.8,0.64,hujan
32.98,50.42,1094.17,0.09,cerah
32.24,61.87,1437.95,0.45,berawan
34.19,62.28,819.03,0.43,berawan
26.24,87.9,1074.77,0.65,hujan
28.37,60.82,1022.2,0.94,hujan
22.69,70.92,82.45,0.03,berawan
28.05,70.28,1911.23,0.59,berawan
25.9,41.05,1730.46,1.0,hujan
23.86,51.32,254.62,0.57,berawan
33.98,71.82,1150.54,0.88,hujan
32.29,65.08,1982.34,0.17,cerah
20.49,43.98,1005.91,0.84,hujan
27.16,44.0,886.7,0.41,berawan
20.19,73.14,1784.55,0.61,hujan
25.31,59.55,99.28,0.36,berawan
22.98,80.11,912.61,0.88,hujan
33.79,50.28,489.04,0.93,hujan
29.28,47.19,654.29,0.07,cerah
32.71,73.76,486.98,0.63,hujan
34.28,65.76,1418.02,0.34,berawan
23.08,95.47,1886.4,0.5,hujan
20.0,89.54,917.29,0.2,hujan
32.72,76.97,937.58,0.73,hujan
22.53,51.13,1398.33,0.2,cerah
22.09,94.23,1168.65,0.15,hujan
27.35,89.46,519.45,0.8,hujan
28.67,65.34,819.48,0.45,berawan
25.68,73.76,466.92,0.95,hujan
30.24,55.52,1888.65,0.3,berawan
24.32,49.73,260.07,0.11,cerah
20.49,92.68,1351.72,0.31,hujan
30.16,85.68,1781.71,0.46,berawan
33.54,82.45,1476.19,0.17,cerah
32.45,52.63,1019.3,0.97,hujan
25.26,84.49,80.34,0.92,hujan
27.81,83.0,1500.62,0.32,berawan
25.54,89.82,1502.67,0.74,hujan
23.14,44.59,414.36,0.01,cerah
21.45,95.56,390.39,0.95,hujan
21.43,67.1,1458.87,0.14,cerah
28.26,93.38,459.22,0.97,hujan
29.11,52.51,1204.58,0.08,cerah
25.58,88.82,203.29,0.45,berawan
32.15,51.48,261.34,0.01,cerah
25.63,50.94,1983.64,0.0,cerah
22.49,69.81,1861.35,0.93,hujan
31.75,80.05,841.07,0.27,cerah
22.75,82.61,1280.32,0.51,berawan
34.72,41.7,930.76,0.04,cerah
27.98,56.97,1428.13,0.96,hujan
30.41,85.43,652.27,0.68,hujan
31.85,66.22,1965.46,0.37,berawan
30.92,95.73,76.52,0.95,hujan
22.68,95.78,878.55,0.98,hujan
28.46,75.57,271.52,0.76,hujan
31.74,50.86,460.82,0.58,berawan
27.61,41.59,1929.36,0.13,cerah
29.83,46.03,1651.17,0.86,hujan
25.21,87.66,461.52,0.81,hujan
33.22,81.97,515.31,0.26,cerah
21.35,74.55,657.09,0.96,hujan
25.04,58.87,633.88,0.37,berawan
22.65,62.9,1225.57,0.55,berawan
34.59,56.58,408.86,0.14,cerah
32.22,96.09,1461.65,0.59,berawan
33.24,65.03,1780.82,0.04,cerah
20.02,57.59,719.68,0.08,cerah
31.3,90.95,485.3,0.68,hujan
21.58,61.22,176.63,0.72,hujan
34.58,47.64,1275.96,0.01,cerah
21.14,68.04,1050.76,0.45,berawan
23.13,47.22,1529.11,0.09,cerah
20.84,54.79,462.87,0.39,berawan
20.07,81.07,1300.2,0.88,hujan
31.5,86.23,635.1,0.55,berawan
25.93,68.33,994.11,0.07,cerah
31.5,58.24,1042.51,0.73,hujan
25.25,63.7,232.7,0.87,hujan
34.78,55.84,340.34,0.03,cerah
20.59,48.32,591.06,0.83,hujan
28.51,91.56,808.12,0.21,cerah
20.25,84.75,1126.14,0.59,berawan
32.79,45.8,1268.57,0.47,berawan
27.27,62.1,974.81,0.2,cerah
25.06,69.23,1218.1,0.83,hujan
29.57,52.44,1022.15,0.74,hujan
22.7,78.86,706.68,0.11,cerah
21.53,51.09,917.22,0.85,hujan
29.38,74.73,291.26,0.44,berawan
26.81,92.6,1115.88,0.93,hujan
33.68,52.66,1172.22,0.54,berawan
25.95,99.3,1356.74,0.74,hujan
23.59,85.32,1901.47,0.39,hujan
33.62,92.52,1232.12,0.08,cerah
34.17,50.09,163.4,0.4,berawan
22.88,79.68,1539.25,0.04,cerah
22.86,48.82,1901.3,0.5,berawan
20.46,70.01,1662.01,0.7,hujan
34.52,44.56,712.48,0.25,cerah
23.26,70.86,1184.75,0.11,cerah
22.53,81.84,1307.23,0.34,berawan
21.83,72.83,1688.3,0.58,berawan
31.13,81.95,167.2,0.63,hujan
